,ID,name,url,score,review_count,area
0,1,らぁ麺や 嶋,https://tabelog.com/tokyo/A1304/A130401/13247487/,3.99,249,渋谷区
1,2,Homemade Ramen 麦苗,https://tabelog.com/tokyo/A1315/A131502/13194812/,3.98,758,品川区
2,3,手打式超多加水麺 ののくら,https://tabelog.com/tokyo/A1324/A132403/13215713/,3.96,532,葛飾区
3,4,麺尊 RAGE,https://tabelog.com/tokyo/A1319/A131907/13178309/,3.94,784,杉並区
4,5,宍道湖しじみ中華蕎麦 琥珀,https://tabelog.com/tokyo/A1315/A131503/13234195/,3.94,346,大田区
5,6,中華そば しば田,https://tabelog.com/tokyo/A1326/A132601/13162681/,3.93,863,調布市
6,7,らぁ麺やまぐち,https://tabelog.com/tokyo/A1305/A130504/13151200/,3.93,501,新宿区
7,8,中華そば 多賀野,https://tabelog.com/tokyo/A1317/A131712/13003421/,3.92,849,品川区
8,9,らーめんMAIKAGURA,https://tabelog.com/tokyo/A1318/A131813/13218425/,3.92,330,世田谷区
9,10,麺処 しろくろ,https://tabelog.com/tokyo/A1318/A131809/13242508/,3.92,190,杉並区
10,11,麺創庵 砂田,https://tabelog.com/tokyo/A1322/A132201/13246362/,3.92,153,豊島区
11,12,中華蕎麦にし乃,https://tabelog.com/tokyo/A1310/A131004/13218311/,3.91,689,文京区
12,13,麺処 ほん田 秋葉原本店,https://tabelog.com/tokyo/A1310/A131001/13246285/,3.91,446,千代田区
13,14,キング製麺,https://tabelog.com/tokyo/A1323/A132303/13232817/,3.91,344,北区
14,15,中華ソバ 伊吹,https://tabelog.com/tokyo/A1322/A132205/13163874/,3.9,546,板橋区
15,16,中華そば べんてん,https://tabelog.com/tokyo/A1322/A132204/13200351/,3.9,357,練馬区
16,17,一番いちばん,https://tabelog.com/tokyo/A1327/A132701/13001469/,3.9,347,町田市
17,18,中華そば うお青,https://tabelog.com/tokyo/A1329/A132903/13229181/,3.9,147,日野市
18,19,メンドコロ キナリ,https://tabelog.com/tokyo/A1319/A131901/13221001/,3.89,427,中野区
19,20,純手打ち だるま,https://tabelog.com/tokyo/A1319/A131903/13218715/,3.89,301,杉並区
20,21,中華そば　堀川,https://tabelog.com/tokyo/A1317/A131703/13243173/,3.89,295,目黒区
21,22,三ん寅,https://tabelog.com/tokyo/A1309/A130905/13240660/,3.89,281,新宿区
22,23,饗 くろ喜,https://tabelog.com/tokyo/A1310/A131001/13127743/,3.88,1106,千代田区
23,24,創作麺工房 鳴龍,https://tabelog.com/tokyo/A1323/A132302/13141302/,3.88,756,豊島区
24,25,町田汁場 しおらーめん進化 本店,https://tabelog.com/tokyo/A1327/A132701/13050023/,3.88,635,町田市
25,26,カネキッチン ヌードル,https://tabelog.com/tokyo/A1321/A132101/13203355/,3.88,342,豊島区
26,27,ラーメン 健やか,https://tabelog.com/tokyo/A1320/A132002/13207054/,3.88,292,武蔵野市
27,28,寿製麺 よしかわ 西台駅前店,https://tabelog.com/tokyo/A1322/A132205/13228611/,3.88,275,板橋区
28,29,ほっこり中華そば もつけ,https://tabelog.com/tokyo/A1329/A132904/13192847/,3.87,431,八王子市
29,30,自家製中華そば としおか,https://tabelog.com/tokyo/A1305/A130504/13182315/,3.87,328,新宿区
30,31,中華そば 西川,https://tabelog.com/tokyo/A1318/A131813/13213036/,3.87,257,世田谷区
31,32,イルカ トウキョウ,https://tabelog.com/tokyo/A1328/A132802/13234223/,3.87,134,東久留米市
32,33,中華蕎麦 ひら井,https://tabelog.com/tokyo/A1326/A132602/13259078/,3.87,55,府中市
33,34,神保町 黒須,https://tabelog.com/tokyo/A1310/A131003/13201888/,3.86,644,千代田区
34,35,中華そば 和渦 TOKYO,https://tabelog.com/tokyo/A1314/A131405/13233678/,3.86,385,品川区
35,36,麺や金時,https://tabelog.com/tokyo/A1321/A132101/13139195/,3.86,347,練馬区
36,37,Ramen にじゅうぶんのいち,https://tabelog.com/tokyo/A1324/A132401/13147594/,3.86,338,荒川区
37,38,MENクライ,https://tabelog.com/tokyo/A1314/A131401/13255714/,3.86,139,港区
38,39,ラーメン屋 トイ・ボックス,https://tabelog.com/tokyo/A1324/A132401/13162973/,3.85,769,荒川区
39,40,らーめん飛粋,https://tabelog.com/tokyo/A1315/A131503/13217922/,3.85,527,大田区
40,41,中華ソバ ビリケン,https://tabelog.com/tokyo/A1311/A131102/13235761/,3.85,214,台東区
41,42,中華そば  さわ,https://tabelog.com/tokyo/A1322/A132203/13229011/,3.85,131,板橋区
42,43,博多長浜ラーメン 健太,https://tabelog.com/tokyo/A1319/A131904/13183596/,3.85,76,中野区
43,44,SOBA HOUSE 金色不如帰 新宿御苑本店,https://tabelog.com/tokyo/A1304/A130402/13222172/,3.84,785,新宿区
44,45,銀座 八五,https://tabelog.com/tokyo/A1301/A130101/13228602/,3.84,702,中央区
45,46,神田 勝本,https://tabelog.com/tokyo/A1310/A131003/13192433/,3.84,598,千代田区
46,47,中華そば 児ノ木,https://tabelog.com/tokyo/A1319/A131901/13154006/,3.84,296,新宿区
47,48,一条流がんこラーメン総本家,https://tabelog.com/tokyo/A1309/A130903/13126058/,3.84,262,新宿区
48,49,スープメン,https://tabelog.com/tokyo/A1322/A132203/13227469/,3.84,163,板橋区
49,50,麺屋鈴春,https://tabelog.com/tokyo/A1310/A131004/13250293/,3.84,163,文京区
50,51,かしわぎ,https://tabelog.com/tokyo/A1319/A131901/13209326/,3.83,493,中野区
51,52,鶏こく中華 すず喜,https://tabelog.com/tokyo/A1320/A132002/13215409/,3.83,399,三鷹市
52,53,つけめん金龍,https://tabelog.com/tokyo/A1310/A131002/13259807/,3.83,81,千代田区
53,54,Ramen FeeL,https://tabelog.com/tokyo/A1330/A133003/13254631/,3.83,58,青梅市
54,55,麺屋 さくら井,https://tabelog.com/tokyo/A1320/A132002/13202438/,3.82,468,武蔵野市
55,56,ラーメン巌哲,https://tabelog.com/tokyo/A1305/A130504/13167439/,3.82,403,新宿区
56,57,らぁめん 葉月,https://tabelog.com/tokyo/A1317/A131714/13008248/,3.82,354,大田区
57,58,成城青果,https://tabelog.com/tokyo/A1318/A131809/13247939/,3.82,142,世田谷区
58,59,鴨出汁中華蕎麦 麺屋yoshiki,https://tabelog.com/tokyo/A1312/A131204/13242295/,3.82,129,葛飾区
59,60,中華蕎麦 蘭鋳,https://tabelog.com/tokyo/A1319/A131903/13113532/,3.81,375,杉並区
60,61,らぁめん山と樹,https://tabelog.com/tokyo/A1319/A131904/13204607/,3.81,284,杉並区
61,62,Japanese Soba Noodles 蔦,https://tabelog.com/tokyo/A1318/A131811/13241560/,3.81,275,渋谷区
62,63,超純水採麺 天国屋,https://tabelog.com/tokyo/A1327/A132701/13162732/,3.81,266,町田市
63,64,中華ソバ ちゃるめ,https://tabelog.com/tokyo/A1315/A131504/13231202/,3.81,110,大田区
64,65,濃厚ラーメン かなや,https://tabelog.com/tokyo/A1319/A131903/13218139/,3.81,99,杉並区
65,66,らぁめん小池,https://tabelog.com/tokyo/A1318/A131809/13172994/,3.8,517,世田谷区
66,67,煮干そば 流。,https://tabelog.com/tokyo/A1323/A132304/13175140/,3.8,457,北区
67,68,味噌っ子 ふっく,https://tabelog.com/tokyo/A1319/A131906/13226777/,3.8,149,杉並区
68,69,六厘舎,https://tabelog.com/tokyo/A1302/A130201/13093047/,3.79,2455,千代田区
69,70,麺屋一燈,https://tabelog.com/tokyo/A1312/A131204/13111737/,3.79,1581,葛飾区
70,71,煮干鰮らーめん 圓 八王子本店,https://tabelog.com/tokyo/A1329/A132904/13091258/,3.79,1035,八王子市
71,72,麺屋吉左右,https://tabelog.com/tokyo/A1313/A131303/13021140/,3.79,948,江東区
72,73,田中商店 本店,https://tabelog.com/tokyo/A1324/A132404/13003726/,3.79,778,足立区
73,74,麺処 晴,https://tabelog.com/tokyo/A1311/A131104/13143115/,3.79,715,台東区
74,75,中華そば屋 伊藤,https://tabelog.com/tokyo/A1323/A132304/13008779/,3.79,546,北区
75,76,麺処 篠はら,https://tabelog.com/tokyo/A1322/A132202/13188419/,3.79,471,豊島区
76,77,風雲児,https://tabelog.com/tokyo/A1304/A130401/13044091/,3.78,1773,渋谷区
77,78,麺屋ひょっとこ 交通会館店,https://tabelog.com/tokyo/A1301/A130102/13046637/,3.78,1375,千代田区
78,79,むぎとオリーブ 銀座店,https://tabelog.com/tokyo/A1301/A130101/13164932/,3.78,1342,中央区
79,80,はやし,https://tabelog.com/tokyo/A1303/A130301/13003367/,3.78,1154,渋谷区
80,81,こうかいぼう,https://tabelog.com/tokyo/A1313/A131303/13005052/,3.78,1120,江東区
81,82,銀座 朧月,https://tabelog.com/tokyo/A1301/A130101/13118141/,3.78,1069,中央区
82,83,麺屋 翔 本店,https://tabelog.com/tokyo/A1304/A130401/13040181/,3.78,1060,新宿区
83,84,青島食堂 秋葉原店,https://tabelog.com/tokyo/A1310/A131001/13094776/,3.78,1024,千代田区
84,85,麺や 七彩,https://tabelog.com/tokyo/A1302/A130203/13184399/,3.78,1004,中央区
85,86,ソラノイロ ARTISAN NOODLES,https://tabelog.com/tokyo/A1308/A130803/13126816/,3.78,856,千代田区
86,87,はつね,https://tabelog.com/tokyo/A1319/A131907/13000717/,3.78,694,杉並区
87,88,竹末東京Premium,https://tabelog.com/tokyo/A1312/A131203/13167920/,3.78,548,墨田区
88,89,神名備,https://tabelog.com/tokyo/A1311/A131105/13006070/,3.78,495,文京区
89,90,たんたん亭,https://tabelog.com/tokyo/A1318/A131805/13000705/,3.78,446,杉並区
90,91,燦燦斗,https://tabelog.com/tokyo/A1323/A132304/13038064/,3.78,417,北区
91,92,喜楽,https://tabelog.com/tokyo/A1303/A130301/13001705/,3.77,1420,渋谷区
92,93,ラーメン二郎 三田本店,https://tabelog.com/tokyo/A1314/A131402/13006051/,3.77,1063,港区
93,94,麺処 銀笹,https://tabelog.com/tokyo/A1301/A130103/13119563/,3.77,838,中央区
94,95,ラーメン大至,https://tabelog.com/tokyo/A1310/A131002/13042832/,3.77,720,文京区
95,96,麺屋 Hulu-lu,https://tabelog.com/tokyo/A1305/A130501/13136428/,3.77,696,豊島区
96,97,煮干しつけ麺 宮元,https://tabelog.com/tokyo/A1315/A131503/13180862/,3.77,691,大田区
97,98,RAMEN CiQUE,https://tabelog.com/tokyo/A1319/A131905/13048520/,3.77,623,杉並区
98,99,麺処 びぎ屋,https://tabelog.com/tokyo/A1317/A131702/13093976/,3.77,582,目黒区
99,100,中華そば ふくみみ,https://tabelog.com/tokyo/A1326/A132602/13016486/,3.77,562,府中市
100,101,柴崎亭,https://tabelog.com/tokyo/A1326/A132601/13135162/,3.77,540,調布市
101,102,麺 みつヰ,https://tabelog.com/tokyo/A1311/A131102/13203387/,3.77,507,台東区
102,103,大島,https://tabelog.com/tokyo/A1312/A131205/13155875/,3.77,503,江戸川区
103,104,鶏そば  ムタヒロ 2号店,https://tabelog.com/tokyo/A1325/A132502/13147068/,3.77,451,国分寺市
104,105,スパイス・ラー麺 卍力 西葛西店,https://tabelog.com/tokyo/A1313/A131305/13168253/,3.77,450,江戸川区
105,106,タンタン,https://tabelog.com/tokyo/A1329/A132904/13046007/,3.77,346,八王子市
106,107,麺屋海神 新宿店,https://tabelog.com/tokyo/A1304/A130401/13045287/,3.76,1497,新宿区
107,108,新橋 纏,https://tabelog.com/tokyo/A1301/A130103/13156937/,3.76,1050,港区
108,109,自家製麺 伊藤,https://tabelog.com/tokyo/A1323/A132305/13090799/,3.76,682,北区
109,110,麺巧 潮,https://tabelog.com/tokyo/A1310/A131002/13147387/,3.76,644,千代田区
110,111,らーめん改,https://tabelog.com/tokyo/A1311/A131103/13191776/,3.76,600,台東区
111,112,八咫烏,https://tabelog.com/tokyo/A1309/A130906/13198710/,3.76,592,千代田区
112,113,八雲,https://tabelog.com/tokyo/A1317/A131705/13204333/,3.76,580,目黒区
113,114,鯛塩そば 灯花 本店,https://tabelog.com/tokyo/A1309/A130903/13181527/,3.76,544,新宿区
114,115,中華そば ムタヒロ  1号店,https://tabelog.com/tokyo/A1325/A132502/13131257/,3.76,475,国分寺市
115,116,麺屋 ねむ瑠,https://tabelog.com/tokyo/A1310/A131004/13186981/,3.76,469,文京区
116,117,ラーメン二郎 ひばりヶ丘駅前店,https://tabelog.com/tokyo/A1328/A132801/13024745/,3.76,435,西東京市
117,118,新世界菜館,https://tabelog.com/tokyo/A1310/A131003/13000411/,3.76,431,千代田区
118,119,RAMEN GOTTSU,https://tabelog.com/tokyo/A1321/A132102/13153294/,3.76,429,練馬区
119,120,MENSHO,https://tabelog.com/tokyo/A1323/A132302/13203848/,3.76,404,文京区
120,121,食堂七彩,https://tabelog.com/tokyo/A1321/A132104/13145418/,3.76,339,中野区
121,122,陽はまたのぼる,https://tabelog.com/tokyo/A1324/A132404/13206995/,3.76,253,足立区
122,123,らぁ麺 はやし田 新宿本店,https://tabelog.com/tokyo/A1304/A130401/13216496/,3.75,1159,新宿区
123,124,おおぜき中華そば店,https://tabelog.com/tokyo/A1303/A130302/13147623/,3.75,756,渋谷区
124,125,龍朋,https://tabelog.com/tokyo/A1309/A130905/13006446/,3.75,700,新宿区
125,126,勝本 水道橋店,https://tabelog.com/tokyo/A1310/A131003/13179757/,3.75,688,千代田区
126,127,大塚屋,https://tabelog.com/tokyo/A1309/A130904/13000475/,3.75,596,新宿区
127,128,めん和正,https://tabelog.com/tokyo/A1317/A131706/13050021/,3.75,542,世田谷区
128,129,牛骨らぁ麺マタドール,https://tabelog.com/tokyo/A1324/A132402/13128987/,3.75,527,足立区
129,130,鳥めし 鳥藤分店,https://tabelog.com/tokyo/A1313/A131301/13037973/,3.75,495,中央区
130,131,らぁ麺やまぐち 辣式,https://tabelog.com/tokyo/A1313/A131303/13186890/,3.75,420,江東区
131,132,麺壱 吉兆,https://tabelog.com/tokyo/A1315/A131501/13134691/,3.75,401,品川区
132,133,中華そば しながわ,https://tabelog.com/tokyo/A1322/A132202/13157559/,3.75,396,豊島区
133,134,中華そば さとう,https://tabelog.com/tokyo/A1315/A131504/13132475/,3.75,354,大田区
134,135,純手打ち 麺と未来,https://tabelog.com/tokyo/A1318/A131802/13221486/,3.75,351,世田谷区
135,136,麺屋 はし本,https://tabelog.com/tokyo/A1319/A131902/13205769/,3.75,307,中野区
136,137,クラム＆ボニート 貝節麺ライク,https://tabelog.com/tokyo/A1319/A131903/13219341/,3.75,275,杉並区
137,138,春木屋 荻窪本店,https://tabelog.com/tokyo/A1319/A131906/13001099/,3.74,793,杉並区
138,139,つじ田 神田御茶ノ水店,https://tabelog.com/tokyo/A1310/A131002/13020599/,3.74,770,千代田区
139,140,粋な一生,https://tabelog.com/tokyo/A1310/A131001/13021102/,3.74,723,台東区
140,141,真鯛らーめん 麺魚 本店,https://tabelog.com/tokyo/A1312/A131201/13208237/,3.74,701,墨田区
141,142,自家製麺 伊藤 銀座店,https://tabelog.com/tokyo/A1301/A130101/13164387/,3.74,625,中央区
142,143,中華そば 満鶏軒,https://tabelog.com/tokyo/A1312/A131201/13220773/,3.74,577,墨田区
143,144,麺や 庄の,https://tabelog.com/tokyo/A1309/A130904/13126304/,3.74,577,新宿区
144,145,渡なべ,https://tabelog.com/tokyo/A1305/A130503/13000121/,3.74,560,新宿区
145,146,博多ラーメン ばりこて,https://tabelog.com/tokyo/A1319/A131904/13009232/,3.74,548,杉並区
146,147,五ノ神水産,https://tabelog.com/tokyo/A1310/A131002/13163444/,3.74,532,千代田区
147,148,味噌麺処 花道,https://tabelog.com/tokyo/A1321/A132104/13055183/,3.74,480,中野区
148,149,なな蓮,https://tabelog.com/tokyo/A1302/A130202/13162497/,3.74,467,中央区
149,150,ラーメン二郎 八王子野猿街道店 ２,https://tabelog.com/tokyo/A1329/A132904/13025633/,3.74,462,八王子市
150,151,千里眼,https://tabelog.com/tokyo/A1318/A131811/13099150/,3.74,453,目黒区
151,152,らーめん 稲荷屋,https://tabelog.com/tokyo/A1311/A131101/13180646/,3.74,443,台東区
152,153,麺や 維新,https://tabelog.com/tokyo/A1316/A131601/13161626/,3.74,441,品川区
153,154,無鉄砲 東京中野店,https://tabelog.com/tokyo/A1321/A132104/13114507/,3.74,415,中野区
154,155,中華めん処 道頓堀,https://tabelog.com/tokyo/A1322/A132204/13003812/,3.74,373,板橋区
155,156,めだかタンタン,https://tabelog.com/tokyo/A1329/A132902/13172508/,3.74,315,昭島市
156,157,亀戸煮干中華蕎麦つきひ,https://tabelog.com/tokyo/A1312/A131202/13217695/,3.74,232,江東区
157,158,らあめん 満来,https://tabelog.com/tokyo/A1304/A130401/13000808/,3.73,879,新宿区
158,159,らーめん 鴨to葱,https://tabelog.com/tokyo/A1311/A131101/13210392/,3.73,706,台東区
159,160,自家製麺 MENSHO TOKYO,https://tabelog.com/tokyo/A1310/A131003/13171239/,3.73,580,文京区
160,161,餃子の王さま,https://tabelog.com/tokyo/A1311/A131102/13016814/,3.73,546,台東区
161,162,鏡花,https://tabelog.com/tokyo/A1329/A132901/13005986/,3.73,494,立川市
162,163,麺酒処 ぶらり,https://tabelog.com/tokyo/A1311/A131105/13041644/,3.73,377,荒川区
163,164,無銘,https://tabelog.com/tokyo/A1310/A131002/13151994/,3.73,375,千代田区
164,165,中華そば いづる,https://tabelog.com/tokyo/A1314/A131401/13204179/,3.73,358,港区
165,166,麺恋処 いそじ,https://tabelog.com/tokyo/A1304/A130403/13041621/,3.73,357,渋谷区
166,167,麺処 夏海,https://tabelog.com/tokyo/A1323/A132305/13135990/,3.73,348,北区
167,168,楽観 NISHIAZABU GOLD,https://tabelog.com/tokyo/A1307/A130701/13191934/,3.73,341,港区
168,169,丸長中華そば店,https://tabelog.com/tokyo/A1319/A131906/13013584/,3.73,330,杉並区
169,170,ろく月,https://tabelog.com/tokyo/A1311/A131103/13161632/,3.73,319,台東区
170,171,中華そば 吾衛門,https://tabelog.com/tokyo/A1329/A132904/13019588/,3.73,258,八王子市
171,172,井田商店,https://tabelog.com/tokyo/A1317/A131712/13091706/,3.73,241,品川区
172,173,中華そば　葉山,https://tabelog.com/tokyo/A1309/A130903/13174173/,3.73,226,新宿区
173,174,らーめん天神下 大喜,https://tabelog.com/tokyo/A1310/A131001/13208678/,3.73,223,台東区
174,175,支那そば大和 稲荷町店,https://tabelog.com/tokyo/A1311/A131101/13206756/,3.73,196,台東区
175,176,麺屋KABOちゃん,https://tabelog.com/tokyo/A1323/A132301/13151928/,3.73,179,北区
176,177,函館塩ラーメン 五稜郭,https://tabelog.com/tokyo/A1319/A131906/13154596/,3.73,161,杉並区
177,178,ボニートスープヌードルライク,https://tabelog.com/tokyo/A1318/A131805/13183147/,3.73,160,杉並区
178,179,麺処 一笑,https://tabelog.com/tokyo/A1319/A131905/13190790/,3.73,142,杉並区
179,180,支那麺 はしご 本店,https://tabelog.com/tokyo/A1301/A130101/13092185/,3.72,1035,中央区
180,181,麺処 花田 池袋店,https://tabelog.com/tokyo/A1305/A130501/13109890/,3.72,897,豊島区
181,182,東京スタイルみそらーめん ど・みそ  京橋本店,https://tabelog.com/tokyo/A1301/A130101/13031470/,3.72,795,中央区
182,183,焼きあご塩らー麺 たかはし 新宿本店,https://tabelog.com/tokyo/A1304/A130401/13178753/,3.72,794,新宿区
183,184,馳走麺 狸穴,https://tabelog.com/tokyo/A1305/A130501/13101471/,3.72,743,豊島区
184,185,トナリ 丸の内店,https://tabelog.com/tokyo/A1302/A130201/13111899/,3.72,727,千代田区
185,186,中華そば 青葉 中野本店,https://tabelog.com/tokyo/A1319/A131902/13001092/,3.72,727,中野区
186,187,神田ラーメン わいず,https://tabelog.com/tokyo/A1310/A131002/13004111/,3.72,663,千代田区
187,188,希須林 担々麺屋 赤坂店,https://tabelog.com/tokyo/A1308/A130801/13020232/,3.72,619,港区
188,189,永楽,https://tabelog.com/tokyo/A1315/A131501/13001868/,3.72,595,品川区
189,190,鶏ポタ　ラーメン THANK,https://tabelog.com/tokyo/A1314/A131401/13135731/,3.72,578,港区
190,191,ラーメン二郎 目黒店,https://tabelog.com/tokyo/A1316/A131601/13003449/,3.72,575,目黒区
191,192,煮干中華そば鈴蘭,https://tabelog.com/tokyo/A1304/A130401/13141542/,3.72,555,新宿区
192,193,カラシビ味噌らー麺・つけ麺 鬼金棒,https://tabelog.com/tokyo/A1310/A131002/13097205/,3.72,507,千代田区
193,194,佐市,https://tabelog.com/tokyo/A1312/A131201/13147184/,3.72,505,墨田区
194,195,麺屋 武一,https://tabelog.com/tokyo/A1301/A130103/13143712/,3.72,490,港区
195,196,鶏そば 三歩一,https://tabelog.com/tokyo/A1305/A130503/13134126/,3.72,470,新宿区
196,197,らぁ麺 胡心房,https://tabelog.com/tokyo/A1327/A132701/13025459/,3.72,470,町田市
197,198,田中そば店 秋葉原店,https://tabelog.com/tokyo/A1311/A131101/13137336/,3.72,460,千代田区
198,199,和利道,https://tabelog.com/tokyo/A1317/A131705/13096566/,3.72,443,目黒区
199,200,かづ屋,https://tabelog.com/tokyo/A1316/A131601/13003195/,3.72,439,目黒区
200,201,本枯中華そば 魚雷,https://tabelog.com/tokyo/A1310/A131004/13103739/,3.72,419,文京区
201,202,玉 バラそば屋 中野店,https://tabelog.com/tokyo/A1319/A131902/13185780/,3.72,389,中野区
202,203,来々軒,https://tabelog.com/tokyo/A1313/A131303/13098822/,3.72,389,江東区
203,204,銀座 風見,https://tabelog.com/tokyo/A1301/A130101/13197387/,3.72,364,中央区
204,205,中華そば ふくもり,https://tabelog.com/tokyo/A1317/A131707/13035739/,3.72,363,世田谷区
205,206,麺 やまらぁ,https://tabelog.com/tokyo/A1302/A130204/13104793/,3.72,338,中央区
206,207,覆麺 智,https://tabelog.com/tokyo/A1310/A131003/13054078/,3.72,336,千代田区
207,208,麺 酒 やまの,https://tabelog.com/tokyo/A1321/A132102/13154616/,3.72,277,練馬区
208,209,中華　味一,https://tabelog.com/tokyo/A1317/A131710/13090987/,3.72,276,目黒区
209,210,アジトイズム,https://tabelog.com/tokyo/A1315/A131501/13156041/,3.72,234,品川区
210,211,カッパ64,https://tabelog.com/tokyo/A1330/A133002/13138967/,3.72,234,福生市
211,212,二階堂,https://tabelog.com/tokyo/A1309/A130906/13195295/,3.72,228,千代田区
212,213,ラーメン二郎 神田神保町店,https://tabelog.com/tokyo/A1310/A131003/13216512/,3.72,219,千代田区
213,214,麺 高はし,https://tabelog.com/tokyo/A1323/A132305/13003780/,3.72,217,北区
214,215,中華そば こてつ,https://tabelog.com/tokyo/A1318/A131802/13198320/,3.72,214,世田谷区
215,216,中華料理 大宝,https://tabelog.com/tokyo/A1316/A131602/13001670/,3.72,188,港区
216,217,麺屋 瑞風,https://tabelog.com/tokyo/A1328/A132801/13194366/,3.72,153,西東京市
217,218,松戸富田麺絆,https://tabelog.com/tokyo/A1302/A130201/13232095/,3.71,512,千代田区
218,219,担々麺　ほおずき,https://tabelog.com/tokyo/A1319/A131902/13097692/,3.71,495,中野区
219,220,楽観 立川店,https://tabelog.com/tokyo/A1329/A132901/13143405/,3.71,475,立川市
220,221,づゅる麺池田,https://tabelog.com/tokyo/A1316/A131601/13032592/,3.71,463,目黒区
221,222,ラーメン二郎 品川店,https://tabelog.com/tokyo/A1314/A131405/13007375/,3.71,420,品川区
222,223,北大塚ラーメン,https://tabelog.com/tokyo/A1323/A132302/13113229/,3.71,380,豊島区
223,224,ラーメン燈郎,https://tabelog.com/tokyo/A1312/A131204/13128244/,3.71,356,葛飾区
224,225,海老丸らーめん,https://tabelog.com/tokyo/A1310/A131003/13212911/,3.71,313,千代田区
225,226,田中そば店 本店,https://tabelog.com/tokyo/A1324/A132404/13059356/,3.71,299,足立区
226,227,麺屋 優創,https://tabelog.com/tokyo/A1304/A130404/13103572/,3.71,284,新宿区
227,228,ラーメン二郎 桜台駅前店,https://tabelog.com/tokyo/A1321/A132101/13038383/,3.71,280,練馬区
228,229,さんじ,https://tabelog.com/tokyo/A1311/A131101/13136639/,3.71,280,台東区
229,230,好日,https://tabelog.com/tokyo/A1319/A131901/13001033/,3.71,279,中野区
230,231,らあめん 元,https://tabelog.com/tokyo/A1322/A132205/13090786/,3.71,264,板橋区
231,232,麺屋 六感堂,https://tabelog.com/tokyo/A1305/A130501/13167610/,3.71,256,豊島区
232,233,crab台風。,https://tabelog.com/tokyo/A1302/A130204/13222565/,3.71,248,中央区
233,234,めん処羽鳥,https://tabelog.com/tokyo/A1311/A131105/13152229/,3.71,233,荒川区
234,235,麺屋 ごとう,https://tabelog.com/tokyo/A1323/A132301/13170227/,3.71,231,豊島区
235,236,えんや,https://tabelog.com/tokyo/A1323/A132303/13127520/,3.71,229,北区
236,237,美志満,https://tabelog.com/tokyo/A1321/A132101/13140848/,3.71,226,練馬区
237,238,中華蕎麦 三藤,https://tabelog.com/tokyo/A1317/A131703/13168430/,3.71,222,目黒区
238,239,銀座亭,https://tabelog.com/tokyo/A1301/A130101/13054334/,3.71,214,中央区
239,240,麺屋 まほろ芭,https://tabelog.com/tokyo/A1315/A131503/13221764/,3.71,201,大田区
240,241,新雅,https://tabelog.com/tokyo/A1309/A130905/13185107/,3.71,198,文京区
241,242,生粋 花のれん,https://tabelog.com/tokyo/A1323/A132302/13184374/,3.71,192,文京区
242,243,富白,https://tabelog.com/tokyo/A1311/A131101/13135911/,3.71,191,台東区
243,244,製麺ｒａｂｏ,https://tabelog.com/tokyo/A1304/A130401/13172669/,3.71,168,渋谷区
244,245,Tombo,https://tabelog.com/tokyo/A1320/A132001/13212388/,3.71,167,武蔵野市
245,246,愚直,https://tabelog.com/tokyo/A1322/A132203/13043552/,3.71,151,板橋区
246,247,中華soba いそべ,https://tabelog.com/tokyo/A1317/A131716/13191494/,3.71,131,大田区
247,248,中華蕎麦 きつね,https://tabelog.com/tokyo/A1318/A131809/13241588/,3.71,121,世田谷区
248,249,ソラノイロ ニッポン,https://tabelog.com/tokyo/A1302/A130201/13183558/,3.7,824,千代田区
249,250,らーめん 潤 蒲田店,https://tabelog.com/tokyo/A1315/A131503/13022796/,3.7,600,大田区
250,251,俺の空,https://tabelog.com/tokyo/A1305/A130503/13001017/,3.7,592,新宿区
251,252,永福町大勝軒,https://tabelog.com/tokyo/A1318/A131805/13011769/,3.7,582,杉並区
252,253,塩そば専門店 桑ばら,https://tabelog.com/tokyo/A1305/A130501/13022925/,3.7,546,豊島区
253,254,つじ田 味噌の章,https://tabelog.com/tokyo/A1310/A131002/13085224/,3.7,432,千代田区
254,255,らぁ麺 鳳仙花,https://tabelog.com/tokyo/A1304/A130401/13224521/,3.7,423,新宿区
255,256,麺処 井の庄,https://tabelog.com/tokyo/A1321/A132103/13024455/,3.7,408,練馬区
256,257,メンショー サン フランシスコ,https://tabelog.com/tokyo/A1304/A130401/13223993/,3.7,375,新宿区
257,258,麺屋 音,https://tabelog.com/tokyo/A1324/A132402/13161350/,3.7,374,足立区
258,259,らーめん紬麦,https://tabelog.com/tokyo/A1310/A131001/13120606/,3.7,333,千代田区
259,260,六厘舎 大崎店,https://tabelog.com/tokyo/A1316/A131604/13167354/,3.7,322,品川区
260,261,麺屋はやしまる,https://tabelog.com/tokyo/A1319/A131904/13006636/,3.7,306,杉並区
261,262,臥龍,https://tabelog.com/tokyo/A1317/A131706/13027085/,3.7,296,世田谷区
262,263,田中商店 ダイバーシティ東京プラザ店,https://tabelog.com/tokyo/A1313/A131306/13137999/,3.7,289,江東区
263,264,志奈そば 田なか,https://tabelog.com/tokyo/A1305/A130501/13155271/,3.7,254,豊島区
264,265,みんみんラーメン 本店,https://tabelog.com/tokyo/A1329/A132904/13016383/,3.7,252,八王子市
265,266,ラーメン二郎 小岩店,https://tabelog.com/tokyo/A1312/A131204/13021952/,3.7,245,江戸川区
266,267,らーめん 穀雨,https://tabelog.com/tokyo/A1303/A130301/13149719/,3.7,243,渋谷区
267,268,つけそば 周,https://tabelog.com/tokyo/A1322/A132205/13126465/,3.7,223,板橋区
268,269,81番,https://tabelog.com/tokyo/A1327/A132701/13191765/,3.7,221,町田市
269,270,麺処 まるよし商店,https://tabelog.com/tokyo/A1321/A132101/13053621/,3.7,211,練馬区
270,271,勢得,https://tabelog.com/tokyo/A1318/A131813/13006053/,3.7,206,世田谷区
271,272,くじら食堂 nonowa 東小金井店,https://tabelog.com/tokyo/A1325/A132501/13226407/,3.7,206,小金井市
272,273,中華そば いしかわや,https://tabelog.com/tokyo/A1326/A132601/13224781/,3.7,200,調布市
273,274,博多長浜らーめん いっき,https://tabelog.com/tokyo/A1324/A132404/13100687/,3.7,197,足立区
274,275,東京味噌らーめん 鶉,https://tabelog.com/tokyo/A1320/A132003/13177636/,3.7,169,武蔵野市
275,276,麺宿 志いな,https://tabelog.com/tokyo/A1304/A130402/13224138/,3.7,140,新宿区
276,277,あさひ町内会,https://tabelog.com/tokyo/A1322/A132205/13244535/,3.7,113,板橋区
277,278,えびそば 一幻 新宿店,https://tabelog.com/tokyo/A1304/A130401/13163054/,3.69,609,新宿区
278,279,でっかい餃子 曽さんの店 代々木店,https://tabelog.com/tokyo/A1304/A130403/13021680/,3.69,565,渋谷区
279,280,支那そば屋 こうや,https://tabelog.com/tokyo/A1309/A130902/13000840/,3.69,559,新宿区
280,281,みんみん,https://tabelog.com/tokyo/A1320/A132001/13015935/,3.69,531,武蔵野市
281,282,亀戸ぎょうざ 錦糸町店,https://tabelog.com/tokyo/A1312/A131201/13041091/,3.69,504,墨田区
282,283,博多ラーメン しばらく 日本橋店,https://tabelog.com/tokyo/A1302/A130204/13008065/,3.69,409,中央区
283,284,赤坂麺処 友,https://tabelog.com/tokyo/A1308/A130801/13141057/,3.69,404,港区
284,285, うさぎ,https://tabelog.com/tokyo/A1303/A130301/13041115/,3.69,394,渋谷区
285,286,銀座鴨そば 九代目けいすけ 銀座店,https://tabelog.com/tokyo/A1301/A130101/13171787/,3.69,369,中央区
286,287,栄屋ミルクホール,https://tabelog.com/tokyo/A1310/A131002/13011267/,3.69,358,千代田区
287,288,中華そば みたか,https://tabelog.com/tokyo/A1320/A132002/13109995/,3.69,348,三鷹市
288,289,神保町 可以,https://tabelog.com/tokyo/A1310/A131003/13105204/,3.69,337,千代田区
289,290,ひとしなや,https://tabelog.com/tokyo/A1315/A131504/13172192/,3.69,325,大田区
290,291,みそ味専門 マタドール,https://tabelog.com/tokyo/A1324/A132402/13161126/,3.69,289,足立区
291,292,担々麺 辣椒漢 神田本店,https://tabelog.com/tokyo/A1310/A131002/13045967/,3.69,285,千代田区
292,293,梁山泊,https://tabelog.com/tokyo/A1321/A132105/13003805/,3.69,284,練馬区
293,294,びぜん亭,https://tabelog.com/tokyo/A1309/A130905/13004142/,3.69,281,千代田区
294,295,えにし,https://tabelog.com/tokyo/A1317/A131712/13003424/,3.69,268,品川区
295,296,麺屋縁道,https://tabelog.com/tokyo/A1313/A131303/13166175/,3.69,265,江東区
296,297,利尻昆布ラーメン くろおび,https://tabelog.com/tokyo/A1308/A130802/13212916/,3.69,265,港区
297,298,らーめん チキント,https://tabelog.com/tokyo/A1329/A132901/13125378/,3.69,233,立川市
298,299,バサノバ,https://tabelog.com/tokyo/A1318/A131803/13006625/,3.69,223,世田谷区
299,300,麺恋処 き楽,https://tabelog.com/tokyo/A1314/A131401/13146828/,3.69,220,港区
300,301,モリス,https://tabelog.com/tokyo/A1322/A132203/13054812/,3.69,219,板橋区
301,302,ガンコンヌードル,https://tabelog.com/tokyo/A1323/A132301/13147756/,3.69,203,北区
302,303,塩生姜らー麺専門店 MANNISH,https://tabelog.com/tokyo/A1310/A131002/13231004/,3.69,197,千代田区
303,304,スパイス・ラー麺 卍力 秋葉原店,https://tabelog.com/tokyo/A1310/A131001/13237879/,3.69,192,台東区
304,305,中華そば つけ麺 甲斐,https://tabelog.com/tokyo/A1318/A131806/13038404/,3.69,191,杉並区
305,306,らーめん雅ノ屋,https://tabelog.com/tokyo/A1310/A131004/13113746/,3.69,190,文京区
306,307,ラハメン ヤマン,https://tabelog.com/tokyo/A1321/A132101/13023438/,3.69,187,練馬区
307,308,たいせい,https://tabelog.com/tokyo/A1324/A132403/13047375/,3.69,173,葛飾区
308,309,らぁめん大安,https://tabelog.com/tokyo/A1329/A132904/13114440/,3.69,173,八王子市
309,310,わた井,https://tabelog.com/tokyo/A1324/A132404/13050042/,3.69,169,足立区
310,311,らぁめん 一福,https://tabelog.com/tokyo/A1318/A131807/13004351/,3.69,169,渋谷区
311,312,味噌中華そば ムタヒロ,https://tabelog.com/tokyo/A1325/A132502/13185679/,3.69,166,国分寺市
312,313,灼味噌らーめん　八堂八,https://tabelog.com/tokyo/A1317/A131701/13230975/,3.69,128,目黒区
313,314,麺屋 愛心 町屋店,https://tabelog.com/tokyo/A1324/A132401/13220662/,3.69,121,荒川区
314,315,大塚　みや穂,https://tabelog.com/tokyo/A1323/A132302/13103559/,3.69,116,豊島区
315,316,魂の中華そば,https://tabelog.com/tokyo/A1322/A132203/13190096/,3.69,111,板橋区
316,317,らーめん いろはや,https://tabelog.com/tokyo/A1319/A131905/13194439/,3.69,86,杉並区
317,318,煮干し中華そば 山形屋,https://tabelog.com/tokyo/A1324/A132404/13231262/,3.69,86,足立区
318,319,すごい煮干ラーメン凪 新宿ゴールデン街店本館,https://tabelog.com/tokyo/A1304/A130401/13054766/,3.68,1195,新宿区
319,320,鶏の穴,https://tabelog.com/tokyo/A1305/A130501/13050789/,3.68,576,豊島区
320,321,東京アンダーグラウンドラーメン 頑者,https://tabelog.com/tokyo/A1305/A130501/13129770/,3.68,573,豊島区
321,322,つじ田 飯田橋店,https://tabelog.com/tokyo/A1309/A130905/13058429/,3.68,549,千代田区
322,323,らぁめん ほりうち 新宿本店,https://tabelog.com/tokyo/A1304/A130401/13042962/,3.68,480,新宿区
323,324,まこと家,https://tabelog.com/tokyo/A1315/A131501/13018507/,3.68,455,品川区
324,325,天鳳,https://tabelog.com/tokyo/A1307/A130701/13001248/,3.68,402,港区
325,326,たけちゃんにぼしらーめん 調布店,https://tabelog.com/tokyo/A1326/A132601/13005969/,3.68,396,調布市
326,327,浅草名代らーめん 与ろゐ屋,https://tabelog.com/tokyo/A1311/A131102/13003715/,3.68,393,台東区
327,328,ちばき屋,https://tabelog.com/tokyo/A1313/A131305/13003074/,3.68,354,江戸川区
328,329,麺屋33,https://tabelog.com/tokyo/A1310/A131003/13097807/,3.68,334,千代田区
329,330,中華そば 高はし,https://tabelog.com/tokyo/A1309/A130905/13000289/,3.68,310,千代田区
330,331,十番,https://tabelog.com/tokyo/A1319/A131901/13013490/,3.68,254,中野区
331,332,麺屋すみす,https://tabelog.com/tokyo/A1306/A130603/13143791/,3.68,245,港区
332,333,らーめん 福籠,https://tabelog.com/tokyo/A1311/A131103/13157790/,3.68,229,台東区
333,334,ニッポン ラーメン 凛 トウキョウ,https://tabelog.com/tokyo/A1302/A130201/13249397/,3.68,225,千代田区
334,335,ラーメン二郎 千住大橋駅前店,https://tabelog.com/tokyo/A1324/A132402/13090912/,3.68,220,足立区
335,336,インディアン 本店,https://tabelog.com/tokyo/A1317/A131714/13003311/,3.68,205,大田区
336,337,京紫灯花繚乱,https://tabelog.com/tokyo/A1309/A130903/13202418/,3.68,190,新宿区
337,338,自家製麺つけそば 九六,https://tabelog.com/tokyo/A1326/A132603/13129898/,3.68,188,狛江市
338,339,一途,https://tabelog.com/tokyo/A1317/A131710/13161190/,3.68,187,品川区
339,340,じゃぐら,https://tabelog.com/tokyo/A1319/A131904/13096250/,3.68,182,杉並区
340,341,いずみ家,https://tabelog.com/tokyo/A1317/A131712/13153491/,3.68,162,大田区
341,342,SHIBASAKITEI＋,https://tabelog.com/tokyo/A1318/A131812/13231156/,3.68,161,世田谷区
342,343,味噌ぶりNoodleみやみや,https://tabelog.com/tokyo/A1327/A132702/13195590/,3.68,152,多摩市
343,344,旨辛タンメン 荒木屋,https://tabelog.com/tokyo/A1315/A131503/13180932/,3.68,148,大田区
344,345,BASSO 江戸川橋,https://tabelog.com/tokyo/A1309/A130905/13190797/,3.68,140,新宿区
345,346,竹の助,https://tabelog.com/tokyo/A1327/A132701/13147941/,3.68,132,町田市
346,347,こばやし,https://tabelog.com/tokyo/A1324/A132402/13138016/,3.68,125,足立区
347,348,つけ麺 和,https://tabelog.com/tokyo/A1324/A132404/13217032/,3.68,110,足立区
348,349,麺屋 悠,https://tabelog.com/tokyo/A1304/A130404/13196234/,3.68,108,新宿区
349,350,きくや,https://tabelog.com/tokyo/A1330/A133003/13142604/,3.68,106,青梅市
350,351,中華そば 竹千代,https://tabelog.com/tokyo/A1323/A132303/13233740/,3.68,106,北区
351,352,くじら食堂bazar 三鷹店,https://tabelog.com/tokyo/A1320/A132002/13244639/,3.68,90,武蔵野市
352,353,中華そば 梟,https://tabelog.com/tokyo/A1317/A131714/13222486/,3.68,89,大田区
353,354,破壊的イノベーション,https://tabelog.com/tokyo/A1305/A130503/13242520/,3.68,85,新宿区
354,355,西荻燈,https://tabelog.com/tokyo/A1319/A131907/13226950/,3.68,60,杉並区
355,356,むらさき山,https://tabelog.com/tokyo/A1314/A131402/13046911/,3.67,559,港区
356,357,味噌屋 八郎商店 新宿店,https://tabelog.com/tokyo/A1304/A130401/13093862/,3.67,516,新宿区
357,358,信濃神麺 烈士洵名,https://tabelog.com/tokyo/A1310/A131004/13015465/,3.67,284,文京区
358,359,銀座 篝 本店,https://tabelog.com/tokyo/A1301/A130101/13230021/,3.67,263,中央区
359,360,ラーメン二郎 上野毛店,https://tabelog.com/tokyo/A1317/A131715/13010417/,3.67,251,世田谷区
360,361,珍々亭,https://tabelog.com/tokyo/A1320/A132003/13005922/,3.67,249,武蔵野市
361,362,鶏白湯 蔭山 高田馬場店,https://tabelog.com/tokyo/A1305/A130503/13146339/,3.67,248,新宿区
362,363,麺家 いし川,https://tabelog.com/tokyo/A1301/A130103/13139811/,3.67,247,港区
363,364,喜多方食堂,https://tabelog.com/tokyo/A1311/A131101/13158335/,3.67,237,台東区
364,365,ボニート・ボニート,https://tabelog.com/tokyo/A1317/A131710/13020897/,3.67,219,品川区
365,366,ラーメン二郎 荻窪店,https://tabelog.com/tokyo/A1319/A131906/13006060/,3.67,216,杉並区
366,367,生姜醤油専門 我武者羅 代々木店,https://tabelog.com/tokyo/A1304/A130403/13212237/,3.67,212,渋谷区
367,368,麺屋 翔 みなと,https://tabelog.com/tokyo/A1304/A130401/13226749/,3.67,202,新宿区
368,369,ラーメン ミンミン,https://tabelog.com/tokyo/A1312/A131203/13017949/,3.67,166,墨田区
369,370,ただいま変身中,https://tabelog.com/tokyo/A1319/A131902/13239323/,3.67,166,中野区
370,371,支那そば いしはら,https://tabelog.com/tokyo/A1319/A131907/13032582/,3.67,146,杉並区
371,372,ピコピコポン,https://tabelog.com/tokyo/A1305/A130504/13221961/,3.67,146,新宿区
372,373,鶏舎,https://tabelog.com/tokyo/A1317/A131705/13007279/,3.67,146,目黒区
373,374,すずめ食堂,https://tabelog.com/tokyo/A1312/A131203/13158686/,3.67,145,墨田区
374,375,ねいろ屋,https://tabelog.com/tokyo/A1319/A131906/13137420/,3.67,140,杉並区
375,376,ラーメン愉悦処 似星,https://tabelog.com/tokyo/A1321/A132102/13152804/,3.67,134,練馬区
376,377,ビンギリ,https://tabelog.com/tokyo/A1319/A131906/13126311/,3.67,123,杉並区
377,378,九段 斑鳩 市ヶ谷本店,https://tabelog.com/tokyo/A1309/A130904/13000286/,3.67,123,千代田区
378,379,机上の空論,https://tabelog.com/tokyo/A1323/A132304/13215493/,3.67,121,北区
379,380,はちどり,https://tabelog.com/tokyo/A1322/A132205/13180663/,3.67,116,板橋区
380,381,スタミナ満点らーめん すず鬼,https://tabelog.com/tokyo/A1320/A132002/13241092/,3.67,115,三鷹市
381,382,らーめん いつ樹 本店,https://tabelog.com/tokyo/A1330/A133002/13211832/,3.67,114,青梅市
382,383,支那そば あおば,https://tabelog.com/tokyo/A1320/A132003/13010036/,3.67,109,武蔵野市
383,384,つけ麺 麦の香,https://tabelog.com/tokyo/A1305/A130504/13248736/,3.67,88,新宿区
384,385,中華そば 麺壁九年,https://tabelog.com/tokyo/A1321/A132105/13245329/,3.67,67,杉並区
385,386,中華蕎麦 はる,https://tabelog.com/tokyo/A1321/A132104/13205221/,3.67,65,杉並区
386,387,麺笑 巧真,https://tabelog.com/tokyo/A1329/A132904/13246669/,3.67,65,八王子市
387,388,中華そば 半ざわ,https://tabelog.com/tokyo/A1322/A132201/13246222/,3.67,60,豊島区
388,389,らぁめん ほりうち 新橋店,https://tabelog.com/tokyo/A1301/A130103/13156562/,3.66,564,港区
389,390,博多麺房 赤のれん 西麻布本店,https://tabelog.com/tokyo/A1307/A130701/13001341/,3.66,502,港区
390,391,めん徳 二代目 つじ田   麹町店,https://tabelog.com/tokyo/A1308/A130803/13002402/,3.66,456,千代田区
391,392,タンメンしゃきしゃき 新橋店,https://tabelog.com/tokyo/A1301/A130103/13126066/,3.66,449,港区
392,393,博多長浜らーめん ぼたん 大塚本店,https://tabelog.com/tokyo/A1323/A132302/13008788/,3.66,353,豊島区
393,394,麺屋　藤しろ,https://tabelog.com/tokyo/A1316/A131601/13143426/,3.66,322,品川区
394,395,共楽,https://tabelog.com/tokyo/A1301/A130101/13002327/,3.66,314,中央区
395,396,きたかた食堂,https://tabelog.com/tokyo/A1301/A130103/13194993/,3.66,309,港区
396,397,麺処 花田 上野店,https://tabelog.com/tokyo/A1311/A131101/13130960/,3.66,306,台東区
397,398,ラーメン きら星,https://tabelog.com/tokyo/A1320/A132003/13009991/,3.66,296,武蔵野市
398,399,本家 第一旭 新宿店,https://tabelog.com/tokyo/A1304/A130402/13229223/,3.66,279,新宿区
399,400,太陽,https://tabelog.com/tokyo/A1319/A131904/13000732/,3.66,267,杉並区
400,401,ラーメン二郎 環七一之江店,https://tabelog.com/tokyo/A1312/A131205/13010385/,3.66,253,江戸川区
401,402,つけそば 丸長 目白店 ,https://tabelog.com/tokyo/A1305/A130502/13003851/,3.66,247,新宿区
402,403,ラーメン茂木,https://tabelog.com/tokyo/A1317/A131706/13001432/,3.66,242,世田谷区
403,404,いつみ屋,https://tabelog.com/tokyo/A1326/A132602/13022027/,3.66,242,府中市
404,405,超多加水自家製手揉み麺 きたかた食堂,https://tabelog.com/tokyo/A1310/A131003/13200849/,3.66,235,千代田区
405,406,とろ肉つけ麺 魚とん,https://tabelog.com/tokyo/A1310/A131002/13093915/,3.66,231,千代田区
406,407,らぁめん冠尾,https://tabelog.com/tokyo/A1303/A130302/13202652/,3.66,213,渋谷区
407,408,らーめん 文蔵,https://tabelog.com/tokyo/A1320/A132002/13022196/,3.66,204,三鷹市
408,409,生姜醤油専門 我武者羅 幡ヶ谷本店,https://tabelog.com/tokyo/A1318/A131807/13119112/,3.66,201,渋谷区
409,410,濃厚鶏そば 晴壱,https://tabelog.com/tokyo/A1309/A130903/13147851/,3.66,196,新宿区
410,411,ラーメン二郎 西台駅前店,https://tabelog.com/tokyo/A1322/A132205/13112690/,3.66,190,板橋区
411,412,つけ麺 たけもと,https://tabelog.com/tokyo/A1317/A131714/13146647/,3.66,177,大田区
412,413,中華そば 流川,https://tabelog.com/tokyo/A1304/A130401/13236258/,3.66,170,新宿区
413,414,咸亨酒店,https://tabelog.com/tokyo/A1310/A131003/13000551/,3.66,158,千代田区
414,415,ラーメン ヤスオ,https://tabelog.com/tokyo/A1304/A130403/13146213/,3.66,157,渋谷区
415,416,ラーメン英二,https://tabelog.com/tokyo/A1326/A132602/13164704/,3.66,143,府中市
416,417,ぷれじでんと,https://tabelog.com/tokyo/A1310/A131004/13255678/,3.66,140,文京区
417,418,中華そば ます田,https://tabelog.com/tokyo/A1321/A132102/13218991/,3.66,138,練馬区
418,419,輝道家,https://tabelog.com/tokyo/A1321/A132104/13221750/,3.66,134,中野区
419,420,燕三条 豊潤亭,https://tabelog.com/tokyo/A1325/A132501/13201538/,3.66,134,小金井市
420,421,丸 中華そば,https://tabelog.com/tokyo/A1315/A131501/13198225/,3.66,130,品川区
421,422,支那そば 孤高,https://tabelog.com/tokyo/A1318/A131809/13164010/,3.66,126,杉並区
422,423,道の塩,https://tabelog.com/tokyo/A1324/A132403/13141074/,3.66,125,葛飾区
423,424,ヌードル マイスター 源九,https://tabelog.com/tokyo/A1309/A130906/13221885/,3.66,124,千代田区
424,425,保谷大勝軒,https://tabelog.com/tokyo/A1328/A132801/13121402/,3.66,124,練馬区
425,426,麺屋 睡蓮,https://tabelog.com/tokyo/A1310/A131002/13170164/,3.66,104,文京区
426,427,麺屋 正路,https://tabelog.com/tokyo/A1319/A131906/13186362/,3.66,100,杉並区
427,428,中華そば　向日葵,https://tabelog.com/tokyo/A1320/A132001/13195382/,3.66,99,三鷹市
428,429,ハイデン コッコ FACTORY マルソン 青梅店,https://tabelog.com/tokyo/A1330/A133003/13131924/,3.66,96,青梅市
429,430,麺や べらぼう,https://tabelog.com/tokyo/A1301/A130101/13249938/,3.66,90,中央区
430,431,麺処 ほん田 東十条店,https://tabelog.com/tokyo/A1323/A132304/13246568/,3.66,86,北区
431,432,中華そば 心,https://tabelog.com/tokyo/A1326/A132602/13241815/,3.66,81,府中市
432,433,らーめん凛々,https://tabelog.com/tokyo/A1329/A132902/13201505/,3.66,71,福生市
433,434,ちゅるり,https://tabelog.com/tokyo/A1323/A132304/13230845/,3.66,62,北区
434,435,中華そばや 和凡,https://tabelog.com/tokyo/A1328/A132803/13234420/,3.66,58,清瀬市
435,436,ラーメン 空ノ色 王子店,https://tabelog.com/tokyo/A1323/A132303/13257223/,3.66,49,北区
436,437,東京駅 斑鳩,https://tabelog.com/tokyo/A1302/A130201/13124609/,3.65,896,千代田区
437,438,炙り味噌らーめん 麺匠 真武咲弥  渋谷店,https://tabelog.com/tokyo/A1303/A130301/13109578/,3.65,508,渋谷区
438,439,長浜屋台 やまちゃん 銀座店,https://tabelog.com/tokyo/A1301/A130101/13004982/,3.65,472,中央区
439,440,麺の坊 砦,https://tabelog.com/tokyo/A1303/A130301/13003402/,3.65,424,渋谷区
440,441,みん亭,https://tabelog.com/tokyo/A1318/A131802/13001826/,3.65,407,世田谷区
441,442,百日紅,https://tabelog.com/tokyo/A1304/A130401/13116353/,3.65,394,新宿区
442,443,175°DENO担担麺 GINZa,https://tabelog.com/tokyo/A1301/A130101/13216879/,3.65,379,中央区
443,444,かおたんラーメンえんとつ屋 南青山店,https://tabelog.com/tokyo/A1307/A130701/13001896/,3.65,377,港区
444,445,横浜家系らーめん 二代目武道家,https://tabelog.com/tokyo/A1319/A131902/13090963/,3.65,314,中野区
445,446,風来居 新宿店,https://tabelog.com/tokyo/A1304/A130401/13001028/,3.65,303,新宿区
446,447,ふぐだし潮 八代目けいすけ,https://tabelog.com/tokyo/A1301/A130101/13193770/,3.65,296,中央区
447,448,焼きあご塩らー麺たかはし 銀座店,https://tabelog.com/tokyo/A1301/A130101/13212146/,3.65,265,中央区
448,449,一龍,https://tabelog.com/tokyo/A1318/A131802/13001821/,3.65,229,世田谷区
449,450,らーめん一郎,https://tabelog.com/tokyo/A1301/A130101/13203526/,3.65,219,中央区
450,451,ブン ブン ブラウ カフェ ウィズ ビーハイヴ,https://tabelog.com/tokyo/A1317/A131712/13169148/,3.65,213,品川区
451,452,中華徳大,https://tabelog.com/tokyo/A1319/A131906/13001111/,3.65,213,杉並区
452,453,○心厨房,https://tabelog.com/tokyo/A1313/A131303/13039043/,3.65,203,江東区
453,454,麺やひだまり,https://tabelog.com/tokyo/A1311/A131106/13129718/,3.65,199,文京区
454,455,藤丸,https://tabelog.com/tokyo/A1319/A131902/13094317/,3.65,196,中野区
455,456,手打 親鶏中華そば 綾川,https://tabelog.com/tokyo/A1303/A130302/13253970/,3.65,193,渋谷区
456,457,汁なし担担麺ピリリ,https://tabelog.com/tokyo/A1302/A130204/13197440/,3.65,184,中央区
457,458,自家製麺つけ麺 紅葉,https://tabelog.com/tokyo/A1325/A132502/13026356/,3.65,180,国分寺市
458,459,らぁめん 生姜は文化。,https://tabelog.com/tokyo/A1323/A132301/13224621/,3.65,176,文京区
459,460,りんすず食堂,https://tabelog.com/tokyo/A1312/A131202/13121810/,3.65,172,江東区
460,461,中華そば 竹むら,https://tabelog.com/tokyo/A1316/A131601/13228658/,3.65,159,目黒区
461,462,ラーメン富士丸 西新井大師店,https://tabelog.com/tokyo/A1324/A132404/13008749/,3.65,158,足立区
462,463,自家製麺ほうきぼし 赤羽駅前店,https://tabelog.com/tokyo/A1323/A132305/13194153/,3.65,145,北区
463,464,鳥料理 有明,https://tabelog.com/tokyo/A1313/A131303/13009604/,3.65,140,江東区
464,465,中華そば 一颯,https://tabelog.com/tokyo/A1312/A131204/13171070/,3.65,139,葛飾区
465,466,麺屋りゅう,https://tabelog.com/tokyo/A1312/A131201/13176590/,3.65,136,墨田区
466,467,絢,https://tabelog.com/tokyo/A1318/A131814/13154666/,3.65,134,調布市
467,468,楢製麺,https://tabelog.com/tokyo/A1304/A130401/13234984/,3.65,133,渋谷区
468,469,光麟堂,https://tabelog.com/tokyo/A1314/A131401/13173677/,3.65,131,港区
469,470,らあめん 広,https://tabelog.com/tokyo/A1310/A131001/13184601/,3.65,129,千代田区
470,471,春木家本店,https://tabelog.com/tokyo/A1319/A131906/13013582/,3.65,129,杉並区
471,472,さとう,https://tabelog.com/tokyo/A1322/A132205/13150197/,3.65,126,板橋区
472,473,マルナカ,https://tabelog.com/tokyo/A1309/A130905/13011161/,3.65,122,新宿区
473,474,平右衛門,https://tabelog.com/tokyo/A1325/A132501/13137685/,3.65,121,小金井市
474,475,雷文,https://tabelog.com/tokyo/A1327/A132701/13006030/,3.65,117,町田市
475,476,ラーメン スリーエスオー,https://tabelog.com/tokyo/A1327/A132701/13111245/,3.65,108,町田市
476,477,つけめん さなだ,https://tabelog.com/tokyo/A1324/A132402/13240344/,3.65,106,足立区
477,478,五丁目ハウス,https://tabelog.com/tokyo/A1319/A131902/13219393/,3.65,102,中野区
478,479,Nii,https://tabelog.com/tokyo/A1323/A132302/13235183/,3.65,91,豊島区
479,480,麺庵 小島流 板橋本町本店,https://tabelog.com/tokyo/A1322/A132205/13171680/,3.65,81,板橋区
480,481,らあめん 満家,https://tabelog.com/tokyo/A1304/A130404/13200037/,3.65,80,新宿区
481,482,鶏そば 山もと,https://tabelog.com/tokyo/A1320/A132002/13226111/,3.65,78,武蔵野市
482,483,タナカ ロボ,https://tabelog.com/tokyo/A1317/A131709/13247096/,3.65,75,世田谷区
483,484,魚と豚と黒三兵,https://tabelog.com/tokyo/A1304/A130401/13234964/,3.65,75,新宿区
484,485,麺尊レイジ レネゲイズ,https://tabelog.com/tokyo/A1328/A132804/13247205/,3.65,73,小平市
485,486,麺や 河野,https://tabelog.com/tokyo/A1322/A132204/13223680/,3.65,60,板橋区
486,487,世田谷中華そば 祖師谷七丁目食堂,https://tabelog.com/tokyo/A1318/A131814/13251905/,3.65,59,世田谷区
487,488,ラーメン二郎 池袋東口店,https://tabelog.com/tokyo/A1305/A130501/13003881/,3.64,568,豊島区
488,489,船見坂,https://tabelog.com/tokyo/A1301/A130101/13004985/,3.64,354,中央区
489,490,つなぎ,https://tabelog.com/tokyo/A1303/A130302/13157556/,3.64,349,渋谷区
490,491,用心棒,https://tabelog.com/tokyo/A1310/A131003/13085246/,3.64,337,千代田区
491,492,つじ田 日本橋八重洲店,https://tabelog.com/tokyo/A1302/A130202/13158035/,3.64,320,中央区
492,493,ラーメン二郎 亀戸店,https://tabelog.com/tokyo/A1312/A131202/13008000/,3.64,302,江東区
493,494,らーめん 陸,https://tabelog.com/tokyo/A1317/A131709/13009443/,3.64,258,世田谷区
494,495,濃菜麺 井の庄,https://tabelog.com/tokyo/A1321/A132102/13094245/,3.64,251,練馬区
495,496,丸鶴,https://tabelog.com/tokyo/A1322/A132203/13142320/,3.64,249,板橋区
496,497,なかご,https://tabelog.com/tokyo/A1308/A130801/13224057/,3.64,224,港区
497,498,人類みな麺類 東京本店,https://tabelog.com/tokyo/A1303/A130302/13248873/,3.64,222,渋谷区
498,499,神田らぁめん悠,https://tabelog.com/tokyo/A1302/A130202/13189756/,3.64,178,中央区
499,500,田中そば店 新橋店,https://tabelog.com/tokyo/A1301/A130103/13211386/,3.64,175,港区
